Pstng Date,Name,Category,Category_Type,Amount in USD,DocumentNo,Document Header Text,Reference,Assignment,Z_Score,Avg_For_Category,Deviation_Pct
2025-01-10,ID10,Bank charges,Outflow,-432.37838,2000000384,78675600015,HSBC 7-06823007,78675600015,21.044153410148056,-1.0155653055390113,42475.1
2025-01-10,KR10,AP,Outflow,-58348.975320000005,2000330247,78674600023,HSBC2C000323007,78674600023,4.109653829648745,-547.5099981885148,10557.2
2025-01-13,VN20,AP,Outflow,-68010.9795,2000001264,78801400063,HSBC2HSBC223009,78801400063,4.7966172527963495,-547.5099981885148,12321.9
2025-01-13,TW10,AP,Outflow,-61958.56804999999,2000196800,78802400039,HSBC TWD0123010,200019,4.366293977155853,-547.5099981885148,11216.4
2025-01-17,TW10,AP,Outflow,-81733.97907,2000197107,78952700060,HSBC TWD0123012,5000,5.772315315520672,-547.5099981885148,14828.3
2025-01-18,ID10,Bank charges,Outflow,-847.4100500000001,2000001652,78984300167,HSBC 7-06823013,78984300167,41.291587440214656,-1.0155653055390113,83342.2
2025-01-20,KR10,AP,Outflow,-57050.632719999994,2000331110,79065200054,HSBC2C000323015,79065200054,4.017342352619932,-547.5099981885148,10320.0
2025-01-20,KR10,AP,Outflow,-59302.63138,2000331109,79065200053,HSBC2C000323015,79065200053,4.177458274697438,-547.5099981885148,10731.3
2025-01-20,KR10,AP,Outflow,-71313.29089999999,2000331116,79065200060,HSBC2C000323015,79065200060,5.031409859110804,-547.5099981885148,12925.0
2025-01-23,TH10,Tax payable,Outflow,-235668.50912,2000055348,79180400047,HSBC CUR0123015,79180400047,8.632129613333976,-5574.598178655822,4127.5
2025-01-27,KR10,AP,Outflow,-59484.552800000005,2000331318,79339900031,HSBC2C000323018,79339900031,4.190392792122484,-547.5099981885148,10764.6
2025-01-27,KR10,AP,Outflow,-68310.62602,2000331317,79339900030,HSBC2C000323018,79339900030,4.817921963007462,-547.5099981885148,12376.6
2025-01-27,MY10,AR,Inflow,707059.51397,2000000500,79340800020,HSBC HSBC123022,79340800020,3.465313648972073,47011.68831110965,1404.0
2025-01-30,TW10,AR,Inflow,2178803.4041899997,2000197962,79459200001,HSBC TWD0123015,70,11.192108575505632,47011.68831110965,4534.6
2025-01-30,VN20,Netting AR,Inflow,710116.19712,2000002482,79460100008,HSBC2HSBC223015,79460100008,3.173170026995081,88035.73899490196,706.6
2025-01-31,KR10,AP,Outflow,-57801.29893999999,2000331576,79492200018,HSBC2C000323020,79492200018,4.070714326645767,-547.5099981885148,10457.1
2025-01-31,KR10,Tax payable,Outflow,-164389.86286000002,2000331479,관세납부,,20250131,5.958062704470176,-5574.598178655822,2848.9
2025-01-31,KR10,AP,Outflow,-59302.63138,2000331566,79492200008,HSBC2C000323020,79492200008,4.177458274697438,-547.5099981885148,10731.3
2025-01-31,KR10,AP,Outflow,-54047.96784,2000331575,79492200017,HSBC2C000323020,79492200017,3.80385445651659,-547.5099981885148,9771.6
2025-02-10,KR10,AP,Outflow,-62305.296259999996,2000332046,79891500011,HSBC2C000323028,79891500011,4.390946170800779,-547.5099981885148,11279.8
2025-02-10,KR10,AP,Outflow,-68310.62602,2000332048,79891500013,HSBC2C000323028,79891500013,4.817921963007462,-547.5099981885148,12376.6
2025-02-10,TW10,AP,Outflow,-46065.11025,2000199206,79899300001,HSBC TWD0123025,NONREF,3.2362774741056555,-547.5099981885148,8313.6
2025-02-15,ID10,Bank charges,Outflow,-790.90192,2000004319,80089300143,HSBC 7-06823032,80089300143,38.534822795392664,-1.0155653055390113,77778.0
2025-02-17,KR10,AP,Outflow,-72814.62333999999,2000332547,80168200013,HSBC2C000323033,80168200013,5.138153807162475,-547.5099981885148,13199.2
2025-02-20,VN20,AP,Outflow,-61424.85492,2000003652,80285800003,HSBC2HSBC223030,80285800003,4.328347253895005,-547.5099981885148,11118.9
2025-02-22,TW10,Payroll,Outflow,-262121.1345,2000200691,80369500214,HSBC TWD0123034,200020,3.6523851174389526,-33597.71603775,680.2
2025-02-24,KR10,Payroll,Outflow,-229033.76621999996,2000333189,80442600003,HSBC1C000123038,80442600003,3.1235648665680045,-33597.71603775,581.7
2025-02-27,VN20,Netting AR,Inflow,1060635.9640799998,2000004080,80566300028,HSBC2HSBC223035,80566300028,4.9611362038125195,88035.73899490196,1104.8
2025-02-27,KR10,AP,Outflow,-69811.95846000001,2000333394,80557200017,HSBC2C000323039,80557200017,4.924665911059134,-547.5099981885148,12650.8
2025-02-27,KR10,AP,Outflow,-73565.28955999999,2000333393,80557200016,HSBC2C000323039,80557200016,5.19152578118831,-547.5099981885148,13336.3
2025-02-27,KR10,AP,Outflow,-57801.29893999999,2000333392,80557200015,HSBC2C000323039,80557200015,4.070714326645767,-547.5099981885148,10457.1
2025-02-28,TH10,AR,Inflow,727579.4774399999,2000056858,80598500001,HSBC CUR0123041,80598500001,3.573045402224977,47011.68831110965,1447.7
2025-03-01,TW10,AR,Inflow,2519503.6509000002,2000201385,80646300101,HSBC TWD0123037,184,12.980817164847252,47011.68831110965,5259.3
2025-03-02,KR10,AP,Outflow,-64557.29491999999,2000333880,80683900064,HSBC2C000323041,80683900064,4.5510620928782854,-547.5099981885148,11691.1
2025-03-02,KR10,AP,Outflow,-52334.12676,2000333892,80683900076,HSBC2C000323041,80683900076,3.6820012557609076,-547.5099981885148,9458.6
2025-03-02,KR10,AP,Outflow,-63806.6287,2000333891,80683900075,HSBC2C000323041,80683900075,4.49769011885245,-547.5099981885148,11554.0
2025-03-02,KR10,AP,Outflow,-57801.29893999999,2000333890,80683900074,HSBC2C000323041,80683900074,4.070714326645767,-547.5099981885148,10457.1
2025-03-02,KR10,AP,Outflow,-69061.29224000001,2000333889,80683900073,HSBC2C000323041,80683900073,4.871293937033299,-547.5099981885148,12513.7
2025-03-02,KR10,AP,Outflow,-67559.9598,2000333888,80683900072,HSBC2C000323041,80683900072,4.764549988981627,-547.5099981885148,12239.5
2025-03-02,KR10,AP,Outflow,-69811.95846000001,2000333887,80683900071,HSBC2C000323041,80683900071,4.924665911059134,-547.5099981885148,12650.8
2025-03-02,KR10,AP,Outflow,-74315.95577999999,2000333886,80683900070,HSBC2C000323041,80683900070,5.2448977552141445,-547.5099981885148,13473.4
2025-03-02,KR10,AP,Outflow,-58551.96516,2000333884,80683900068,HSBC2C000323041,80683900068,4.124086300671602,-547.5099981885148,10594.2
2025-03-02,KR10,AP,Outflow,-69061.29224000001,2000333883,80683900067,HSBC2C000323041,80683900067,4.871293937033299,-547.5099981885148,12513.7
2025-03-02,KR10,AP,Outflow,-63806.6287,2000333882,80683900066,HSBC2C000323041,80683900066,4.49769011885245,-547.5099981885148,11554.0
2025-03-02,KR10,AP,Outflow,-66058.62736,2000333881,80683900065,HSBC2C000323041,80683900065,4.657806040929956,-547.5099981885148,11965.3
2025-03-02,KR10,AP,Outflow,-70562.62468,2000333876,80683900060,HSBC2C000323041,80683900060,4.9780378850849685,-547.5099981885148,12787.9
2025-03-02,KR10,AP,Outflow,-60803.963820000004,2000333878,80683900062,HSBC2C000323041,80683900062,4.2842022227491094,-547.5099981885148,11005.5
2025-03-02,KR10,AP,Outflow,-50286.0136,2000333877,80683900061,HSBC2C000323041,80683900061,3.536381485661899,-547.5099981885148,9084.5
2025-03-02,MY10,AR,Inflow,699255.4296,2000001672,80684900002,HSBC HSBC123051,80684900002,3.424341466300167,47011.68831110965,1387.4
2025-03-02,KR10,AP,Outflow,-69811.95846000001,2000333875,80683900059,HSBC2C000323041,80683900059,4.924665911059134,-547.5099981885148,12650.8
2025-03-02,KR10,AP,Outflow,-60053.297600000005,2000333874,80683900058,HSBC2C000323041,80683900058,4.230830248723274,-547.5099981885148,10868.4
2025-03-02,KR10,AP,Outflow,-57050.632719999994,2000333873,80683900057,HSBC2C000323041,80683900057,4.017342352619932,-547.5099981885148,10320.0
2025-03-02,KR10,AP,Outflow,-74315.95577999999,2000333872,80683900056,HSBC2C000323041,80683900056,5.2448977552141445,-547.5099981885148,13473.4
2025-03-02,KR10,AP,Outflow,-66809.29358,2000333871,80683900055,HSBC2C000323041,80683900055,4.711178014955792,-547.5099981885148,12102.4
2025-03-02,KR10,AP,Outflow,-59302.63138,2000333870,80683900054,HSBC2C000323041,80683900054,4.177458274697438,-547.5099981885148,10731.3
2025-03-02,KR10,AP,Outflow,-58551.96516,2000333869,80683900053,HSBC2C000323041,80683900053,4.124086300671602,-547.5099981885148,10594.2
2025-03-02,KR10,AP,Outflow,-66809.29358,2000333879,80683900063,HSBC2C000323041,80683900063,4.711178014955792,-547.5099981885148,12102.4
2025-03-03,ID10,Bank charges,Outflow,-403.36419,2000005865,80725200127,HSBC 7-06823044,80725200127,19.628688180805874,-1.0155653055390113,39618.2
2025-03-16,TW10,AP,Outflow,-58780.985369999995,2000202421,81239800029,HSBC TWD0123048,5000,4.14036951733148,-547.5099981885148,10636.1
2025-03-17,KR10,AP,Outflow,-44285.55339999999,2000334675,81348800042,HSBC2C000323052,81348800042,3.1097519166139413,-547.5099981885148,7988.5
2025-03-20,TW10,Payroll,Outflow,-356072.15797999996,2000202562,81393300013,HSBC TWD0123050,200020,5.153961289524764,-33597.71603775,959.8
2025-03-21,VN20,Payroll,Outflow,-298793.66176,2000005275,81431900027,HSBC2HSBC223051,81431900027,4.238505322031569,-33597.71603775,789.3
2025-03-24,KR10,Payroll,Outflow,-387669.40667000005,2000335147,81546300003,HSBC1C000123057,81546300003,5.658965641568613,-33597.71603775,1053.9
2025-03-27,KR10,AP,Outflow,-63055.96248,2000335277,81663200018,HSBC2C000323058,81663200018,4.444318144826616,-547.5099981885148,11416.9
2025-03-27,KR10,AP,Outflow,-55940.311349999996,2000335271,81663200012,HSBC2C000323058,81663200012,3.9383990863038187,-547.5099981885148,10117.2
2025-03-27,KR10,Other receipt,Inflow,1010734.0264000001,2000335257,81663200054,HSBC2C000323058,81663200054,12.998019201135063,5211.418754535124,19294.6
2025-03-27,KR10,AP,Outflow,-60053.297600000005,2000335278,81663200019,HSBC2C000323058,81663200019,4.230830248723274,-547.5099981885148,10868.4
2025-03-27,KR10,AP,Outflow,-45079.5064,2000335280,81663200021,HSBC2C000323058,81663200021,3.166201557965506,-547.5099981885148,8133.5
2025-03-27,KR10,AP,Outflow,-73565.28955999999,2000335279,81663200020,HSBC2C000323058,81663200020,5.19152578118831,-547.5099981885148,13336.3
2025-03-27,KR10,AP,Outflow,-44285.55339999999,2000335289,81663200030,HSBC2C000323058,81663200030,3.1097519166139413,-547.5099981885148,7988.5
2025-03-28,ID10,Custom and Duty,Outflow,-33930.62908,2000008350,81706000051,HSBC 7-06823059,81706000051,5.374294469700967,-3640.758669511202,832.0
2025-03-29,SS10,Statutory contribution,Outflow,-64685.0042,2000001915,81748000043,HSBC HSBC123074,81748000043,5.649135676414216,-6684.700601111112,867.7
2025-03-29,TW10,AP,Outflow,-789544.5234599999,2000203752,81752700124,HSBC TWD0123058,5000,56.09727331135999,-547.5099981885148,144106.4
2025-03-30,MY10,Statutory contribution,Outflow,-38801.0601,2000002736,81785700001,HSBC HSBC123075,81785700001,3.128081423442644,-6684.700601111112,480.4
2025-03-31,TH10,AR,Inflow,830203.1170999999,2000058189,81823200001,HSBC CUR0123063,81823200001,4.111829237875053,47011.68831110965,1666.0
2025-03-31,TW10,AP,Outflow,-45908.39088,2000204149,81830600075,HSBC TWD0123060,200020,3.2251348092006262,-547.5099981885148,8284.9
2025-03-31,MY10,AR,Inflow,723041.26058,2000002739,81824400032,HSBC HSBC123076,81824400032,3.5492193335438866,47011.68831110965,1438.0
2025-03-31,KR10,AP,Outflow,-66809.29358,2000335694,81823600019,HSBC2C000323062,81823600019,4.711178014955792,-547.5099981885148,12102.4
2025-03-31,KR10,Tax payable,Outflow,-110715.70419,2000335766,관세납부,,20250331,3.944440124756606,-5574.598178655822,1886.1
2025-03-31,KR10,Tax payable,Outflow,-273410.79795,2000335763,국세납부,,20250331,10.04805725675388,-5574.598178655822,4804.6
2025-03-31,KR10,Tax payable,Outflow,-125143.11263999999,2000335764,관세납부,,20250331,4.485694168444262,-5574.598178655822,2144.9
2025-04-03,KR10,AP,Outflow,-47510.1195,2000335911,81952200005,HSBC2C000323063,81952200005,3.339016872926735,-547.5099981885148,8577.5
2025-04-03,KR10,AP,Outflow,-67559.9598,2000335910,81952200004,HSBC2C000323063,81952200004,4.764549988981627,-547.5099981885148,12239.5
2025-04-06,TW10,AR,Inflow,1450479.96263,2000204434,82066500002,HSBC TWD0123061,215,7.368341471379901,47011.68831110965,2985.4
2025-04-06,TW10,AR,Inflow,1845657.84656,2000204433,82066500001,HSBC TWD0123061,275,9.443062819923876,47011.68831110965,3826.0
2025-04-10,KR10,Tax payable,Outflow,-117110.1192,2000336238,국세납부,,20250410,4.184330954296373,-5574.598178655822,2000.8
2025-04-10,KR10,AP,Outflow,-126796.18721,2000336234,82214700019,HSBC2C000323068,82214700019,8.976214649628004,-547.5099981885148,23058.7
2025-04-11,TW10,AP,Outflow,-75484.91412,2000204697,82266100007,HSBC TWD0123064,200020,5.328010079303757,-547.5099981885148,13686.9
2025-04-11,TH10,AR,Inflow,798646.59755,2000058731,82257200029,HSBC CUR0123069,82257200029,3.9461545190749305,47011.68831110965,1598.8
2025-04-11,TH10,Custom and Duty,Outflow,-29459.057819999998,2000058760,82257200031,HSBC CUR0123069,82257200031,4.580909078221374,-3640.758669511202,709.1
2025-04-12,KR10,AP,Outflow,-46364.40496,2000336466,82297200072,HSBC2C000323070,82297200072,3.257557170810524,-547.5099981885148,8368.2
2025-04-14,ID10,Bank charges,Outflow,-833.7648000000002,2000009938,82380000119,HSBC 7-06823071,82380000119,40.62590017061722,-1.0155653055390113,81998.6
2025-04-14,KR10,AP,Outflow,-54047.96784,2000336587,82379100027,HSBC2C000323072,82379100027,3.80385445651659,-547.5099981885148,9771.6
2025-04-17,KR10,AP,Outflow,-44999.436839999995,2000336681,82499000028,HSBC2C000323073,82499000028,3.16050865429844,-547.5099981885148,8118.9
2025-04-17,PH10,Tax payable,Outflow,-100265.8823,2000006302,82498300003,HSBC1C001 23072,NONREF E-T,3.5524079470179712,-5574.598178655822,1698.6
2025-04-18,TW10,AP,Outflow,-66238.58648,2000205368,82545900007,HSBC TWD0123069,200020,4.670601039855514,-547.5099981885148,11998.2
2025-04-20,KR10,AP,Outflow,-54849.18008,2000337046,82628100014,HSBC2C000323076,82628100014,3.8608202260199276,-547.5099981885148,9917.9
2025-04-21,KR10,AP,Outflow,-65307.96113999999,2000337063,82664500015,HSBC2C000323077,82664500015,4.604434066904121,-547.5099981885148,11828.2
2025-04-25,KR10,Netting AP,Outflow,-3220360.473,2000337348,82830100050,HSBC2C000323079,82830100050,3.418509932489775,-568568.468581416,466.4
2025-04-25,KR10,Tax payable,Outflow,-228468.064,2000337395,국세납부,,20250425,8.362000015835056,-5574.598178655822,3998.4
2025-04-25,KR10,AP,Outflow,-56121.906480000005,2000337352,82830100057,HSBC2C000323079,82830100057,3.9513104046812177,-547.5099981885148,10150.4
2025-04-25,KR10,AP,Outflow,-72063.95711999999,2000337351,82830100056,HSBC2C000323079,82830100056,5.084781833136639,-547.5099981885148,13062.1
2025-04-25,KR10,AP,Outflow,-58551.96516,2000337350,82830100055,HSBC2C000323079,82830100055,4.124086300671602,-547.5099981885148,10594.2
2025-04-25,KR10,AP,Outflow,-67559.9598,2000337349,82830100054,HSBC2C000323079,82830100054,4.764549988981627,-547.5099981885148,12239.5
2025-04-26,KR10,AP,Outflow,-57050.632719999994,2000337517,82883700103,HSBC2C000323080,82883700103,4.017342352619932,-547.5099981885148,10320.0
2025-04-26,KR10,AP,Outflow,-60053.297600000005,2000337516,82883700102,HSBC2C000323080,82883700102,4.230830248723274,-547.5099981885148,10868.4
2025-04-27,TW10,AP,Outflow,-482584.5486,2000206106,82920200007,HSBC TWD0123076,5000,34.27258030039834,-547.5099981885148,88041.7
2025-04-28,MY10,AR,Inflow,711312.85725,2000003848,82955600042,HSBC HSBC123096,82955600042,3.4876441043557183,47011.68831110965,1413.1
2025-04-28,KR10,Tax payable,Outflow,-181202.37156,2000337762,관세납부,,20250428,6.588795406739299,-5574.598178655822,3150.5
2025-04-28,KR10,Tax payable,Outflow,-124102.89255000002,2000337763,관세납부,,20250428,4.446669604054278,-5574.598178655822,2126.2
2025-05-02,KR10,AP,Outflow,-391154.6659,2000337984,83120400034,HSBC2C000323083,83120400034,27.771963655293977,-547.5099981885148,71342.5
2025-05-02,TW10,AR,Inflow,2451145.47456,2000206449,83116100001,HSBC TWD0123078,393,12.621930259563722,47011.68831110965,5113.9
2025-05-02,KR10,Tax payable,Outflow,-245126.92230000003,2000337942,국세납부,,20250502,8.986968418812145,-5574.598178655822,4297.2
2025-05-02,MY10,Non Netting AP,,-26474.146259999998,2000003946,83110400008,HSBC HSBC123098,83110400008,3.260665614818566,-6253.103191333333,323.4
2025-05-04,KR10,AP,Outflow,-68310.62602,2000338111,83189300030,HSBC2C000323085,83189300030,4.817921963007462,-547.5099981885148,12376.6
2025-05-04,KR10,AP,Outflow,-63055.96248,2000338110,83189300029,HSBC2C000323085,83189300029,4.444318144826616,-547.5099981885148,11416.9
2025-05-09,ID10,Custom and Duty,Outflow,-27325.855440000003,2000012304,83390000009,HSBC 7-06823082,83390000009,4.202417602417074,-3640.758669511202,650.6
2025-05-09,TH10,Bank charges,Outflow,-86.34075,2000059817,83389500073,HSBC CUR0123084,83389500073,4.16261257413042,-1.0155653055390113,8401.7
2025-05-15,TW10,Interest charges,Outflow,-3773.2068,2000207636,83631500016,HSBC TWD0123087,LOAN I,3.0304139692818355,-673.3376760714285,460.4
2025-05-16,TW10,AP,Outflow,-97512.64128000001,2000207814,83673300017,HSBC TWD0123088,5000,6.894169912407356,-547.5099981885148,17710.2
2025-05-18,KR10,AP,Outflow,-55392.5816,2000339020,83747300016,HSBC2C000323095,83747300016,3.899455788721869,-547.5099981885148,10017.2
2025-05-18,KR10,AP,Outflow,-60803.963820000004,2000339019,83747300015,HSBC2C000323095,83747300015,4.2842022227491094,-547.5099981885148,11005.5
2025-05-19,KR10,AP,Outflow,-58551.96516,2000339077,83787800047,HSBC2C000323096,83787800047,4.124086300671602,-547.5099981885148,10594.2
2025-05-23,KR10,AP,Outflow,-45927.26028,2000339461,83948300044,HSBC2C000323098,83948300044,3.2264764136312656,-547.5099981885148,8288.4
2025-05-26,KR10,AP,Outflow,-66809.29358,2000339784,84070200044,HSBC2C000323101,84070200044,4.711178014955792,-547.5099981885148,12102.4
2025-05-26,KR10,AP,Outflow,-64509.322680000005,2000339786,84070200046,HSBC2C000323101,84070200046,4.547651291807151,-547.5099981885148,11682.3
2025-05-26,KR10,AP,Outflow,-52546.63539999999,2000339785,84070200045,HSBC2C000323101,84070200045,3.697110508464919,-547.5099981885148,9497.4
2025-05-26,KR10,AP,Outflow,-56044.46925,2000339764,84070200024,HSBC2C000323101,84070200024,3.9458046582947706,-547.5099981885148,10136.2
2025-05-26,SS10,Non Netting AR,,33163.84976,2000003281,84071800001,HSBC HSBC123118,84071800001,3.7295450314929535,7322.978782105262,352.9
2025-05-29,TH10,AR,Inflow,624973.4463,2000060824,84187400001,HSBC CUR0123098,84187400001,3.0343540129739677,47011.68831110965,1229.4
2025-05-30,MY10,AR,Inflow,745413.91676,2000005071,84228200019,HSBC HSBC123121,84228200019,3.666677899136344,47011.68831110965,1485.6
2025-05-30,TW10,AR,Inflow,2513473.74174,2000209266,84235200001,HSBC TWD0123098,478,12.949159570197423,47011.68831110965,5246.5
2025-05-31,KR10,Tax payable,Outflow,-175638.60076,2000340072,관세납부,,20250531,6.380066759866388,-5574.598178655822,3050.7
2025-05-31,KR10,Tax payable,Outflow,-91559.07225,2000340070,관세납부,,20250531,3.225766044314869,-5574.598178655822,1542.4
2025-06-01,TW10,AP,Outflow,-1044717.6729600001,2000209545,84318600019,HSBC TWD0123100,5000,74.2399502353391,-547.5099981885148,190712.5
2025-06-12,TW10,AP,Outflow,-46137.2191,2000210254,84751200001,HSBC1TWD0123107,NONREF,3.2414043754723285,-547.5099981885148,8326.7
2025-06-15,TH10,Tax payable,Outflow,-118236.55679999999,2000061893,84872100029,HSBC1THB0123110,84872100029,4.226590027232082,-5574.598178655822,2021.0
2025-06-20,TH10,Custom and Duty,Outflow,-26267.23384,2000062186,85073000015,HSBC1THB0123113,85073000015,4.014587673358814,-3640.758669511202,621.5
2025-06-21,ID10,Custom and Duty,Outflow,-20689.14672,2000015786,85113700067,HSBC1IDR0123110,85113700067,3.0248745331485707,-3640.758669511202,468.3
2025-06-23,KR10,AP,Outflow,-67559.9598,2000341523,85190900015,HSBC2C000323121,85190900015,4.764549988981627,-547.5099981885148,12239.5
2025-06-23,KR10,Loan receipt,Inflow,1338093.39128,2000341508,85190900045,HSBC2C000323121,85190900045,4.201571851891732,185242.80699058823,622.3
2025-06-23,ID10,Bank charges,Outflow,-422.1768,2000016153,85191700169,HSBC1IDR0123112,85191700169,20.546466527476074,-1.0155653055390113,41470.6
2025-06-23,KR10,AP,Outflow,-54798.63406,2000341517,85190900009,HSBC2C000323121,85190900009,3.8572264305424255,-547.5099981885148,9908.7
2025-06-28,KR10,AP,Outflow,-55549.30028,2000341991,85402400073,HSBC2C000323124,85402400073,3.9105984045682614,-547.5099981885148,10045.8
2025-06-28,KR10,AP,Outflow,-70562.62468,2000341992,85402400074,HSBC2C000323124,85402400074,4.9780378850849685,-547.5099981885148,12787.9
2025-06-28,KR10,AP,Outflow,-63806.6287,2000341993,85402400075,HSBC2C000323124,85402400075,4.49769011885245,-547.5099981885148,11554.0
2025-06-28,KR10,AP,Outflow,-49271.4802,2000341994,85402400076,HSBC2C000323124,85402400076,3.4642486937092487,-547.5099981885148,8899.2
2025-06-28,MY10,AR,Inflow,1054437.00198,2000006372,85393100043,HSBC HSBC123145,85393100043,5.2890783880574945,47011.68831110965,2142.9
2025-06-28,KR10,AP,Outflow,-74315.95577999999,2000341990,85402400072,HSBC2C000323124,85402400072,5.2448977552141445,-547.5099981885148,13473.4
2025-06-29,TW10,AR,Inflow,2835018.01455,2000212281,85442500001,HSBC1TWD0123119,575,14.637297480817756,47011.68831110965,5930.5
2025-06-30,KR10,Tax payable,Outflow,-281806.6512,2000342199,관세납부,,20250630,10.363033403545558,-5574.598178655822,4955.2
2025-07-03,TH10,AR,Inflow,766383.3585600001,2000062562,85590200001,HSBC1THB0123122,85590200001,3.7767694562266616,47011.68831110965,1530.2
2025-07-04,TW10,AP,Outflow,-753525.6752,2000212735,85639100062,HSBC1TWD0123122,5000,53.53635211555446,-547.5099981885148,137527.7
2025-07-06,ID10,Bank charges,Outflow,-127.27176000000001,2000017385,85715000091,HSBC1IDR0123118,85715000091,6.159443140720668,-1.0155653055390113,12432.1
2025-07-07,KR10,AP,Outflow,-50469.71235,2000342817,85754200052,HSBC2C000323131,85754200052,3.549442370316571,-547.5099981885148,9118.0
2025-07-07,ID10,Custom and Duty,Outflow,-33070.58519,2000017457,85755100066,HSBC1IDR0123119,85755100066,5.2216979396040095,-3640.758669511202,808.3
2025-07-11,TW10,AP,Outflow,-43203.56128,2000213257,85917000001,HSBC1TWD0123127,NONREF,3.03282284509558,-547.5099981885148,7790.9
2025-07-12,KR10,AP,Outflow,-48302.434400000006,2000343201,85966600096,HSBC2C000323134,85966600096,3.3953500462285557,-547.5099981885148,8722.2
2025-07-14,TH10,Custom and Duty,Outflow,-26761.802399999997,2000063330,86033300113,HSBC1THB0123131,86033300113,4.102338364955552,-3640.758669511202,635.1
2025-07-18,TW10,AP,Outflow,-143677.82484,2000213805,86200100026,HSBC1TWD0123132,5000,10.17649021964356,-547.5099981885148,26142.0
2025-07-21,ID10,Bank charges,Outflow,-634.4235900000001,2000018811,86314800080,HSBC1IDR0123128,86314800080,30.900984481776767,-1.0155653055390113,62370.0
2025-07-24,KR10,AP,Outflow,-60803.963820000004,2000343861,86409200029,HSBC2C000323142,86409200029,4.2842022227491094,-547.5099981885148,11005.5
2025-07-25,KR10,Netting AP,Outflow,-3415425.1414400004,2000344061,86451200058,HSBC2C000323143,86451200058,3.6699740388106514,-568568.468581416,500.7
2025-07-27,KR10,AP,Outflow,-118437.95498000001,2000344263,86546900015,HSBC2C000323145,86546900015,8.38194872744296,-547.5099981885148,21532.1
2025-07-27,TH10,AR,Inflow,1164521.54175,2000064012,86531900084,HSBC1THB0123140,86531900084,5.867032656484911,47011.68831110965,2377.1
2025-07-27,KR10,AP,Outflow,-169789.84992,2000344264,86546900016,HSBC2C000323145,86546900016,12.033041489969436,-547.5099981885148,30911.3
2025-07-28,KR10,AP,Outflow,-69615.81224999999,2000344294,86572900009,HSBC2C000323146,86572900009,4.910720018535307,-547.5099981885148,12615.0
2025-07-31,TW10,AR,Inflow,2902039.7596799997,2000215104,86692500001,HSBC1TWD0123141,656,14.989167995571853,47011.68831110965,6073.0
2025-07-31,KR10,Tax payable,Outflow,-122307.57354000001,2000344501,관세납부,,20250731,4.379316989949017,-5574.598178655822,2094.0
2025-07-31,KR10,Tax payable,Outflow,-157524.17820000002,2000344499,관세납부,,20250731,5.7004918733824,-5574.598178655822,2725.7
2025-08-02,KR10,AP,Outflow,-55549.30028,2000344698,86767700002,HSBC2C000323149,86767700002,3.9105984045682614,-547.5099981885148,10045.8
2025-08-04,KR10,AP,Outflow,-65150.74279999999,2000344847,86845500024,HSBC2C000323151,86845500024,4.593255925494128,-547.5099981885148,11799.5
2025-08-04,KR10,AP,Outflow,-62305.296259999996,2000344835,86845500012,HSBC2C000323151,86845500012,4.390946170800779,-547.5099981885148,11279.8
2025-08-04,KR10,AP,Outflow,-59302.63138,2000344846,86845500023,HSBC2C000323151,86845500023,4.177458274697438,-547.5099981885148,10731.3
2025-08-04,KR10,AP,Outflow,-66673.74227999999,2000344838,86845500015,HSBC2C000323151,86845500015,4.701540388711242,-547.5099981885148,12077.6
2025-08-04,KR10,AP,Outflow,-52546.63539999999,2000344837,86845500014,HSBC2C000323151,86845500014,3.697110508464919,-547.5099981885148,9497.4
2025-08-04,KR10,AP,Outflow,-57801.29893999999,2000344836,86845500013,HSBC2C000323151,86845500013,4.070714326645767,-547.5099981885148,10457.1
2025-08-04,KR10,AP,Outflow,-63806.6287,2000344834,86845500011,HSBC2C000323151,86845500011,4.49769011885245,-547.5099981885148,11554.0
2025-08-04,KR10,AP,Outflow,-72814.62333999999,2000344833,86845500010,HSBC2C000323151,86845500010,5.138153807162475,-547.5099981885148,13199.2
2025-08-04,KR10,AP,Outflow,-66809.29358,2000344831,86845500008,HSBC2C000323151,86845500008,4.711178014955792,-547.5099981885148,12102.4
2025-08-04,KR10,AP,Outflow,-58551.96516,2000344832,86845500009,HSBC2C000323151,86845500009,4.124086300671602,-547.5099981885148,10594.2
2025-08-07,TH10,Custom and Duty,Outflow,-29464.719169999997,2000064475,86958400030,HSBC1THB0123145,86958400030,4.581913564592022,-3640.758669511202,709.3
2025-08-07,TW10,AP,Outflow,-66713.157,2000215591,86966800039,HSBC1TWD0123146,200021,4.704342754604404,-547.5099981885148,12084.8
2025-08-10,KR10,AP,Outflow,-57892.562249999995,2000345292,87079500013,HSBC2C000323155,87079500013,4.077203100059378,-547.5099981885148,10473.8
2025-08-10,KR10,AP,Outflow,-66809.29358,2000345291,87079500012,HSBC2C000323155,87079500012,4.711178014955792,-547.5099981885148,12102.4
2025-08-11,KR10,AP,Outflow,-68310.62602,2000345324,87119800027,HSBC2C000323156,87119800027,4.817921963007462,-547.5099981885148,12376.6
2025-08-11,KR10,AP,Outflow,-64643.4323,2000345325,87119800028,HSBC2C000323156,87119800028,4.557186415360805,-547.5099981885148,11706.8
2025-08-16,KR10,AP,Outflow,-60803.963820000004,2000345425,87317700006,HSBC2C000323159,87317700006,4.2842022227491094,-547.5099981885148,11005.5
2025-08-21,TW10,Payroll,Outflow,-231711.88293,2000217097,87534000006,HSBC1TWD0123156,200021,3.166367979177597,-33597.71603775,589.7
2025-08-25,KR10,AP,Outflow,-82581.26592,2000346425,87784700037,HSBC2C000323166,87784700037,5.832556965598695,-547.5099981885148,14983.1
2025-08-25,KR10,AP,Outflow,-70775.67672,2000346421,87784700033,HSBC2C000323166,87784700033,4.993185773243612,-547.5099981885148,12826.8
2025-08-28,KR10,AP,Outflow,-55128.92688,2000346494,87816800003,HSBC2C000323167,87816800003,3.8807100765894798,-547.5099981885148,9969.0
2025-08-28,KR10,AP,Outflow,-62020.042740000004,2000346493,87816800002,HSBC2C000323167,87816800002,4.37066479533111,-547.5099981885148,11227.7
2025-08-29,MY10,AR,Inflow,722519.2209399999,2000009388,87860600006,HSBC HSBC123196,87860600006,3.54647857595107,47011.68831110965,1436.9
2025-08-29,TW10,AR,Inflow,3018910.0998,2000218113,87866500001,HSBC1TWD0123162,779,15.60274835904561,47011.68831110965,6321.6
2025-08-29,KR10,AP,Outflow,-224015.99155,2000346667,87859500053,HSBC2C000323168,87859500053,15.888491682729715,-547.5099981885148,40815.4
2025-08-30,KR10,Tax payable,Outflow,-175491.19905999998,2000346769,국세납부,,20250830,6.374536884806155,-5574.598178655822,3048.1
2025-08-30,ID10,Bank charges,Outflow,-450.62805,2000022930,87902000245,HSBC1IDR0123155,87902000245,21.934468574278746,-1.0155653055390113,44272.1
2025-08-30,MY10,AP,Outflow,-54298.024880000004,2000009397,87902100003,HSBC HSBC123197,87902100003,3.8216333807418708,-547.5099981885148,9817.3
2025-08-31,TH10,Custom and Duty,Outflow,-23301.803910000002,2000065788,87942100004,HSBC1THB0123162,87942100004,3.4884350864673888,-3640.758669511202,540.0
2025-08-31,KR10,Tax payable,Outflow,-140619.24864,2000346887,관세납부,,20250831,5.066291939671853,-5574.598178655822,2422.5
2025-08-31,PH10,Tax payable,Outflow,-135892.86779999998,2000016150,87941500027,HSBC1PHP0123169,NONREF E-T,4.888978546866516,-5574.598178655822,2337.7
2025-08-31,PH10,Tax payable,Outflow,-116745.91698000001,2000016146,87941500023,HSBC1PHP0123169,NONREF E-T,4.170667660228129,-5574.598178655822,1994.2
2025-08-31,KR10,Tax payable,Outflow,-137759.57650000002,2000346888,관세납부,,20250831,4.959009393762097,-5574.598178655822,2371.2
2025-09-01,KR10,AP,Outflow,-59302.63138,2000347010,87987900019,HSBC2C000323171,87987900019,4.177458274697438,-547.5099981885148,10731.3
2025-09-01,KR10,AP,Outflow,-57801.29893999999,2000347009,87987900018,HSBC2C000323171,87987900018,4.070714326645767,-547.5099981885148,10457.1
2025-09-05,KR10,AP,Outflow,-58551.96516,2000347276,88146800019,HSBC2C000323173,88146800019,4.124086300671602,-547.5099981885148,10594.2
2025-09-05,KR10,AP,Outflow,-65387.58816,2000347277,88146800020,HSBC2C000323173,88146800020,4.610095506209588,-547.5099981885148,11842.7
2025-09-08,TH10,Tax payable,Outflow,-110902.32988,2000066311,88260200031,HSBC1THB0123168,88260200031,3.9514415144877257,-5574.598178655822,1889.4
2025-09-08,TW10,AP,Outflow,-69218.79525,2000219404,88268700088,HSBC1TWD0123170,200021,4.882492318330795,-547.5099981885148,12542.5
2025-09-12,TH10,Custom and Duty,Outflow,-27981.951029999997,2000066587,88401800063,HSBC1THB0123170,88401800063,4.318827836371431,-3640.758669511202,668.6
2025-09-14,TW10,AP,Outflow,-47394.84864,2000219930,88484900005,HSBC1TWD0123174,200021,3.33082117531581,-547.5099981885148,8556.4
2025-09-14,ID10,Custom and Duty,Outflow,-43040.582299999995,2000024451,88479500040,HSBC1IDR0123166,88479500040,6.990662270090325,-3640.758669511202,1082.2
2025-09-14,KR10,AP,Outflow,-54047.96784,2000347921,88478400007,HSBC2C000323180,88478400007,3.80385445651659,-547.5099981885148,9771.6
2025-09-18,TW10,AP,Outflow,-93867.23756,2000220216,88631000019,HSBC1TWD0123176,5000,6.634983622317567,-547.5099981885148,17044.4
2025-09-19,ID10,Bank charges,Outflow,-216.07341000000002,2000024841,88662800049,HSBC1IDR0123169,88662800049,10.491656029766132,-1.0155653055390113,21176.2
2025-09-21,KR10,Other receipt,Inflow,1743324.7004,2000348468,88738100038,HSBC2C000323185,88738100038,22.467948146364606,5211.418754535124,33352.0
2025-09-21,TW10,AP,Outflow,-3186197.35516,2000220911,88745500054,HSBC1TWD0123179,5000,226.49803103086575,-547.5099981885148,581843.2
2025-09-22,KR10,AP,Outflow,-61554.63004,2000348533,88774500018,HSBC2C000323186,88774500018,4.337574196774944,-547.5099981885148,11142.6
2025-09-22,KR10,AP,Outflow,-65307.96113999999,2000348548,88774500033,HSBC2C000323186,88774500033,4.604434066904121,-547.5099981885148,11828.2
2025-09-22,ID10,Custom and Duty,Outflow,-21363.1656,2000025261,88775500094,HSBC1IDR0123172,88775500094,3.1444648744134076,-3640.758669511202,486.8
2025-09-22,KR10,AP,Outflow,-51765.96024,2000348542,88774500027,HSBC2C000323186,88774500027,3.641604914564431,-547.5099981885148,9354.8
2025-09-22,KR10,AP,Outflow,-60053.297600000005,2000348549,88774500034,HSBC2C000323186,88774500034,4.230830248723274,-547.5099981885148,10868.4
2025-09-22,KR10,AP,Outflow,-68310.62602,2000348550,88774500035,HSBC2C000323186,88774500035,4.817921963007462,-547.5099981885148,12376.6
2025-09-22,KR10,Payroll,Outflow,-231802.99688000005,2000348628,88845500003,HSBC1C000123186,88845500003,3.1678242117038318,-33597.71603775,589.9
2025-09-22,KR10,AP,Outflow,-66809.29358,2000348541,88774500026,HSBC2C000323186,88774500026,4.711178014955792,-547.5099981885148,12102.4
2025-09-25,KR10,AP,Outflow,-68310.62602,2000348689,88882700029,HSBC2C000323187,88882700029,4.817921963007462,-547.5099981885148,12376.6
2025-09-25,KR10,Netting AP,Outflow,-3131967.868,2000348709,88882700050,HSBC2C000323187,88882700050,3.3045601967459266,-568568.468581416,450.9
2025-09-28,TH10,AR,Inflow,1121991.4638899998,2000067463,89002500023,HSBC1THB0123182,89002500023,5.643745716401467,47011.68831110965,2286.6
2025-09-28,TW10,AR,Inflow,2365502.81835,2000221638,89008400001,HSBC1TWD0123185,886,12.17229819661059,47011.68831110965,4931.7
2025-09-28,TW10,AP,Outflow,-198106.69008,2000221789,89008400150,HSBC1TWD0123185,5000,14.046353954613512,-547.5099981885148,36083.2
2025-10-04,KR10,AP,Outflow,-62305.296259999996,2000349468,89222400042,HSBC2C000323194,89222400042,4.390946170800779,-547.5099981885148,11279.8
2025-10-04,KR10,AP,Outflow,-72814.62333999999,2000349467,89222400041,HSBC2C000323194,89222400041,5.138153807162475,-547.5099981885148,13199.2
2025-10-04,KR10,AP,Outflow,-63806.6287,2000349469,89222400043,HSBC2C000323194,89222400043,4.49769011885245,-547.5099981885148,11554.0
2025-10-04,KR10,AP,Outflow,-213435.2421,2000349505,법인세　　　　　　　,,20251004,15.136205953368838,-547.5099981885148,38882.9
2025-10-04,KR10,Tax payable,Outflow,-161350.99652,2000349498,관세납부,,20251004,5.844057566232662,-5574.598178655822,2794.4
2025-10-04,KR10,Tax payable,Outflow,-240134.24952,2000349507,관세납부,,20251004,8.799664902706015,-5574.598178655822,4207.7
2025-10-04,KR10,AP,Outflow,-72814.62333999999,2000349466,89222400040,HSBC2C000323194,89222400040,5.138153807162475,-547.5099981885148,13199.2
2025-10-04,KR10,AP,Outflow,-52546.63539999999,2000349465,89222400039,HSBC2C000323194,89222400039,3.697110508464919,-547.5099981885148,9497.4
2025-10-04,KR10,AP,Outflow,-54047.96784,2000349463,89222400037,HSBC2C000323194,89222400037,3.80385445651659,-547.5099981885148,9771.6
2025-10-04,KR10,AP,Outflow,-68310.62602,2000349431,89222400004,HSBC2C000323194,89222400004,4.817921963007462,-547.5099981885148,12376.6
2025-10-04,KR10,AP,Outflow,-60803.963820000004,2000349461,89222400035,HSBC2C000323194,89222400035,4.2842022227491094,-547.5099981885148,11005.5
2025-10-04,KR10,AP,Outflow,-57050.632719999994,2000349460,89222400034,HSBC2C000323194,89222400034,4.017342352619932,-547.5099981885148,10320.0
2025-10-04,KR10,AP,Outflow,-68310.62602,2000349459,89222400033,HSBC2C000323194,89222400033,4.817921963007462,-547.5099981885148,12376.6
2025-10-04,KR10,AP,Outflow,-74315.95577999999,2000349429,89222400002,HSBC2C000323194,89222400002,5.2448977552141445,-547.5099981885148,13473.4
2025-10-04,KR10,AP,Outflow,-57050.632719999994,2000349430,89222400003,HSBC2C000323194,89222400003,4.017342352619932,-547.5099981885148,10320.0
2025-10-04,KR10,AP,Outflow,-67559.9598,2000349462,89222400036,HSBC2C000323194,89222400036,4.764549988981627,-547.5099981885148,12239.5
2025-10-06,KR10,AP,Outflow,-73565.28955999999,2000349647,89297200012,HSBC2C000323196,89297200012,5.19152578118831,-547.5099981885148,13336.3
2025-10-06,KR10,AP,Outflow,-54189.80271,2000349648,89297200013,HSBC2C000323196,89297200013,3.813938841288291,-547.5099981885148,9797.5
2025-10-10,KR10,AP,Outflow,-57050.632719999994,2000349828,89444900032,HSBC2C000323198,89444900032,4.017342352619932,-547.5099981885148,10320.0
2025-10-11,ID10,Bank charges,Outflow,-128.76108,2000026907,89484200105,HSBC1IDR0123184,89484200105,6.232100026036572,-1.0155653055390113,12578.8
2025-10-11,KR10,AP,Outflow,-47340.774,2000349948,89483100055,HSBC2C000323199,89483100055,3.326976496809381,-547.5099981885148,8546.6
2025-10-18,TW10,AP,Outflow,-108997.42074000002,2000223652,89773100140,HSBC1TWD0123196,5000,7.710731700723297,-547.5099981885148,19807.8
2025-10-19,KR10,AP,Outflow,-67241.22816,2000350559,89806500025,HSBC2C000323205,89806500025,4.741888336761161,-547.5099981885148,12181.3
2025-10-20,TW10,AP,Outflow,-233605.54788000003,2000223966,89855100131,HSBC1TWD0123198,5000,16.570304101788675,-547.5099981885148,42566.9
2025-10-23,KR10,Other receipt,Inflow,1296103.89214,2000350757,89983200044,HSBC2C000323207,89983200044,16.6868900093205,5211.418754535124,24770.5
2025-10-25,KR10,AP,Outflow,-177532.56762000002,2000351152,90055700137,HSBC2C000323209,90055700137,12.58354465231205,-547.5099981885148,32325.4
2025-10-25,KR10,Tax payable,Outflow,-241703.50901,2000351163,국세납부,,20251025,8.858536740118904,-5574.598178655822,4235.8
2025-10-25,ID10,Bank charges,Outflow,-493.0541,2000028713,90057000160,HSBC1IDR0123194,90057000160,24.00423507795618,-1.0155653055390113,48449.7
2025-10-25,KR10,Netting AP,Outflow,-3317907.1427700003,2000351153,90055700139,HSBC2C000323209,90055700139,3.544260466066467,-568568.468581416,483.6
2025-10-27,TH10,AR,Inflow,638399.1704,2000068843,90142300069,HSBC1THB0123201,90142300069,3.1048403370893762,47011.68831110965,1258.0
2025-10-27,KR10,AP,Outflow,-157769.31087000002,2000351242,90142600028,HSBC2C000323211,90142600028,11.178387476161355,-547.5099981885148,28715.8
2025-10-27,KR10,AP,Outflow,-55549.30028,2000351240,90142600025,HSBC2C000323211,90142600025,3.9105984045682614,-547.5099981885148,10045.8
2025-10-30,MY10,AR,Inflow,813981.4159400001,2000012058,90266800004,HSBC HSBC123246,90266800004,4.026663769171056,47011.68831110965,1631.4
2025-10-30,TW10,AR,Inflow,2873769.0909200003,2000224816,90271800001,HSBC1TWD0123204,951,14.840744304876713,47011.68831110965,6012.9
2025-10-31,KR10,AP,Outflow,-86306.91069,2000351428,90308400033,HSBC2C000323213,90308400033,6.097448352204488,-547.5099981885148,15663.5
